{
    "Damian Lillard": {
        "MIN": 33.973894793488505,
        "FGM": 9.936240121079404,
        "FGA": 16.526931517177506,
        "FG3M": 2.8617941561371567,
        "FG3A": 8.65617035640263,
        "REB": 3.7461328227414645,
        "AST": 8.6151205651421,
        "STL": 0.8823435953011693,
        "BLK": 0.1669024045261669,
        "PF": 1.7531442264020132,
        "PTS": 28.67225760785915,
        "FTA": 8.626294486227684,
        "FTM": 6.700498930514561,
        "FG_PCT": 0.4541110037575193,
        "FG3_PCT": 0.3631010401620585,
        "FT_PCT": 0.8409302074358885
    },
    "Malik Beasley": {
        "MIN": 28.75993263708268,
        "FGM": 3.844238403057587,
        "FGA": 11.198072055132268,
        "FG3M": 3.1236266676891273,
        "FG3A": 7.092053763889085,
        "REB": 4.269345822968213,
        "AST": 1.7622648619401011,
        "STL": 1.1335080875836028,
        "BLK": 0.18648285883360632,
        "PF": 1.8744683530635744,
        "PTS": 15.489425704856487,
        "FTA": 0.2503457779064594,
        "FTM": 0.7855546338045725,
        "FG_PCT": 0.4099360823457926,
        "FG3_PCT": 0.4317344474846551,
        "FT_PCT": 0.24271343856250688
    },
    "Khris Middleton": {
        "MIN": 18.85937984848141,
        "FGM": 5.96744677296128,
        "FGA": 8.478988300934592,
        "FG3M": 1.1717550674108148,
        "FG3A": 3.5476336878522097,
        "REB": 3.5903338738766046,
        "AST": 4.422936907301546,
        "STL": 0.6783799880881477,
        "BLK": 0.07852853767677385,
        "PF": 2.410043350021068,
        "PTS": 13.287188717758298,
        "FTA": 1.1953245708722244,
        "FTM": 1.1544428032397844,
        "FG_PCT": 0.46178998515319214,
        "FG3_PCT": 0.3341633585850582,
        "FT_PCT": 0.4529034938318606
    },
    "Giannis Antetokounmpo": {
        "MIN": 36.574379908684655,
        "FGM": 11.977992928301184,
        "FGA": 20.040339646411027,
        "FG3M": 0.6919992211305184,
        "FG3A": 2.692166003689557,
        "REB": 10.911852932132435,
        "AST": 6.983158390991021,
        "STL": 1.2928050752019207,
        "BLK": 1.2411447617105857,
        "PF": 3.512249408607845,
        "PTS": 34.240248681234064,
        "FTA": 11.755732804233972,
        "FTM": 7.615814972570358,
        "FG_PCT": 0.5710980857914321,
        "FG3_PCT": 0.22765243518657277,
        "FT_PCT": 0.6636901396739232
    },
    "Brook Lopez": {
        "MIN": 30.0207345845286,
        "FGM": 3.8978424055469683,
        "FGA": 9.855600873337561,
        "FG3M": 2.142999664826095,
        "FG3A": 5.734451404141472,
        "REB": 4.856933679143051,
        "AST": 1.9484396657251608,
        "STL": 0.7606545968498564,
        "BLK": 2.5041658925781767,
        "PF": 2.133827139961119,
        "PTS": 17.824863567126947,
        "FTA": 1.9482041355592232,
        "FTM": 1.1955047291916463,
        "FG_PCT": 0.41515907658484225,
        "FG3_PCT": 0.41521556617470645,
        "FT_PCT": 0.4748655739280473
    },
    "Tyrese Haliburton": {
        "MIN": 34.17957021550069,
        "FGM": 8.314392574412995,
        "FGA": 17.860774616143562,
        "FG3M": 3.8534718796664804,
        "FG3A": 9.027222626491149,
        "REB": 4.331716425994167,
        "AST": 12.546872922243343,
        "STL": 1.472274371877209,
        "BLK": 0.4715471239738024,
        "PF": 0.9191459387565333,
        "PTS": 31.018819705653755,
        "FTA": 3.333333333333334,
        "FTM": 3.5367378799712266,
        "FG_PCT": 0.47066610679032617,
        "FG3_PCT": 0.4301116989735803,
        "FT_PCT": 0.7933261984157226
    },
    "Buddy Hield": {
        "MIN": 28.15334568852637,
        "FGM": 5.276015138380531,
        "FGA": 13.665572207897576,
        "FG3M": 3.612007092870865,
        "FG3A": 8.8411164808846,
        "REB": 3.3348414547022025,
        "AST": 2.4741719754451506,
        "STL": 0.8851173140373176,
        "BLK": 0.5404120352900154,
        "PF": 2.101680339242825,
        "PTS": 16.13690505200668,
        "FTA": 0.6735974825100499,
        "FTM": 0.6738708106502329,
        "FG_PCT": 0.44962503531057324,
        "FG3_PCT": 0.40137748579706,
        "FT_PCT": 0.3320878158039122
    },
    "Bruce Brown": {
        "MIN": 31.085605668258452,
        "FGM": 3.685687128095309,
        "FGA": 8.607513155932399,
        "FG3M": 1.6934175144193961,
        "FG3A": 4.157353960210985,
        "REB": 4.223147042122692,
        "AST": 3.536236434863413,
        "STL": 0.9612036290177106,
        "BLK": 0.29330886875513984,
        "PF": 2.080661987849619,
        "PTS": 14.6439440412215,
        "FTA": 1.1822197044010325,
        "FTM": 1.0988583758336603,
        "FG_PCT": 0.4599137807734163,
        "FG3_PCT": 0.34037407930420455,
        "FT_PCT": 0.43495594152332506
    },
    "Obi Toppin": {
        "MIN": 22.360727747790676,
        "FGM": 7.279094843809633,
        "FGA": 7.635943300455393,
        "FG3M": 0.8804611229820476,
        "FG3A": 2.9976415209147684,
        "REB": 3.377398941792439,
        "AST": 2.2359494088872633,
        "STL": 0.6626213407843298,
        "BLK": 0.5099094656558916,
        "PF": 1.9088824349282856,
        "PTS": 17.023177453978803,
        "FTA": 1.4671526056243076,
        "FTM": 1.1114434517559386,
        "FG_PCT": 0.5390191753869152,
        "FG3_PCT": 0.24543683303673058,
        "FT_PCT": 0.4515299715737411
    },
    "Myles Turner": {
        "MIN": 28.33868046571798,
        "FGM": 5.161181835676189,
        "FGA": 11.119040000358652,
        "FG3M": 1.314211020972491,
        "FG3A": 4.498243940211005,
        "REB": 7.9147701863286875,
        "AST": 1.0756806987628793,
        "STL": 0.6511273950769938,
        "BLK": 2.1196551537894224,
        "PF": 3.230310695592628,
        "PTS": 17.840852502333668,
        "FTA": 3.4742059070751914,
        "FTM": 3.2219760183755306,
        "FG_PCT": 0.5008763409074702,
        "FG3_PCT": 0.4324254781374603,
        "FT_PCT": 0.6809164669705791
    },
    "D'Angelo Russell": {
        "MIN": 30.58008451158292,
        "FGM": 4.919752440138044,
        "FGA": 12.760188106822934,
        "FG3M": 1.8806688050833398,
        "FG3A": 5.083868108521105,
        "REB": 3.517417807756312,
        "AST": 6.579292504795513,
        "STL": 1.0048734670300732,
        "BLK": 0.5400379985444457,
        "PF": 2.2891243405053094,
        "PTS": 15.38264663463372,
        "FTA": 2.713980796001686,
        "FTM": 2.309010380827811,
        "FG_PCT": 0.4416709480731869,
        "FG3_PCT": 0.2694283109935379,
        "FT_PCT": 0.5605943808298297
    },
    "Cam Reddish": {
        "MIN": 22.78891134346718,
        "FGM": 3.6893622915862796,
        "FGA": 5.712072313231664,
        "FG3M": 0.6433450312729749,
        "FG3A": 3.0023153534251588,
        "REB": 2.8099363988544024,
        "AST": 1.21908767159414,
        "STL": 1.1450533417733246,
        "BLK": 0.24599467767338296,
        "PF": 1.61116213683224,
        "PTS": NaN,
        "FTA": 1.3814863926712535,
        "FTM": 1.159380605455882,
        "FG_PCT": 0.35183019491128126,
        "FG3_PCT": 0.09866727789605821,
        "FT_PCT": 0.4944298514577732
    },
    "Taurean Prince": {
        "MIN": 26.927007194943812,
        "FGM": 3.5598033703914065,
        "FGA": 5.680683174321619,
        "FG3M": 1.5507210800453108,
        "FG3A": 3.316587619875142,
        "REB": 2.374794770654077,
        "AST": 1.971857802235262,
        "STL": 0.7548782840168204,
        "BLK": 0.4768498011192579,
        "PF": 2.4576109193697,
        "PTS": 8.660741789448394,
        "FTA": 0.45898512377995504,
        "FTM": 0.3717334507062121,
        "FG_PCT": 0.46573376221699864,
        "FG3_PCT": 0.298027473896318,
        "FT_PCT": 0.24131344092452225
    },
    "CJ McCollum": {
        "MIN": 34.12050450803698,
        "FGM": 8.313092273734547,
        "FGA": 18.86995314785348,
        "FG3M": 2.554690514763948,
        "FG3A": 7.3663542721284525,
        "REB": 4.844473293897084,
        "AST": 6.822555226328806,