{
    "Nicolas Batum": {
        "MIN": 21.305851112832002,
        "FGM": 2.004640348013972,
        "FGA": 3.71829457982223,
        "FG3M": 1.129629956768288,
        "FG3A": 2.7163492449921023,
        "REB": 3.099714972951611,
        "AST": 1.9477079515809987,
        "STL": 0.4258993520999556,
        "BLK": 0.8140391161678114,
        "PF": 2.417918995909338,
        "PTS": -1,
        "FTA": 0.874591372050602,
        "FTM": 0.20448169294680688,
        "FG_PCT": 0.4890878118020799,
        "FG3_PCT": 0.46668292209918116,
        "FT_PCT": 0.17240847422792438,
        "team": "PHI",
        "fanduel_pts": 6.5,
        "fanduel_reb": 4.5,
        "fanduel_ast": 2.5,
        "fanduel_threes": 1.5,
        "fanduel_blk": 0,
        "fanduel_stl": 0,
        "pick_pts": "UNDER",
        "pick_reb": "UNDER",
        "pick_ast": "UNDER",
        "pick_3s": "UNDER",
        "pick_blk": "OVER",
        "pick_stl": "OVER",
        "pts_res": "W",
        "ast_res": "W",
        "reb_res": "W",
        "stl_res": "W",
        "threes_res": "W",
        "blk_res": "L"
    },
    "Tobias Harris": {
        "MIN": 35.692447386146654,
        "FGM": 8.462447091235319,
        "FGA": 14.328634301769268,
        "FG3M": 1.5555292553686706,
        "FG3A": 4.395869131069978,
        "REB": 7.8234795497801475,
        "AST": 2.9528996821903606,
        "STL": 1.149335199581508,
        "BLK": 0.5019963988693509,
        "PF": 2.035344653023969,
        "PTS": 18.474578225760503,
        "FTA": 2.907779553709107,
        "FTM": 2.5783768095173567,
        "FG_PCT": 0.48376992954363496,
        "FG3_PCT": 0.28730800870369383,
        "FT_PCT": 0.7184425184585044,
        "team": "PHI",
        "fanduel_pts": 16.5,
        "fanduel_reb": 5.5,
        "fanduel_ast": 2.5,
        "fanduel_threes": 0,
        "fanduel_blk": 0,
        "fanduel_stl": 0,
        "pick_pts": "OVER",
        "pick_reb": "OVER",
        "pick_ast": "OVER",
        "pick_3s": "OVER",
        "pick_blk": "OVER",
        "pick_stl": "OVER",
        "pts_res": "L",
        "ast_res": "W",
        "reb_res": "L",
        "stl_res": "L",
        "threes_res": "W",
        "blk_res": "L"
    },
    "Joel Embiid": {
        "MIN": 36.16738830227771,
        "FGM": 9.828377316541392,
        "FGA": 21.765577696590086,
        "FG3M": 1.190871782473558,
        "FG3A": 3.1800355472021895,
        "REB": 11.249324483813613,
        "AST": 6.369762333360439,
        "STL": 1.087519797024922,
        "BLK": 2.019804267721946,
        "PF": 3.1122033056654264,
        "PTS": 34.514195922392446,
        "FTA": 10.707083462463498,
        "FTM": 10.388530304243103,
        "FG_PCT": 0.5020259106274367,
        "FG3_PCT": 0.3448435389540699,
        "FT_PCT": 0.8488802576823699,
        "team": "PHI",
        "fanduel_pts": 35.5,
        "fanduel_reb": 12.5,
        "fanduel_ast": 6.5,
        "fanduel_threes": 1.5,
        "fanduel_blk": 1.5,
        "fanduel_stl": 0.5,
        "pick_pts": "UNDER",
        "pick_reb": "UNDER",
        "pick_ast": "UNDER",
        "pick_3s": "UNDER",
        "pick_blk": "OVER",
        "pick_stl": "OVER",
        "pts_res": "W",
        "ast_res": "W",
        "reb_res": "W",
        "stl_res": "W",
        "threes_res": "L",
        "blk_res": "L"
    },
    "De'Anthony Melton": {
        "MIN": 31.05472493143804,
        "FGM": 4.636352417703763,
        "FGA": 11.486000968486456,
        "FG3M": 2.8021552951218616,
        "FG3A": 5.870205552905328,
        "REB": 4.884576959130138,
        "AST": 3.443713537115187,
        "STL": 1.7819679896548983,
        "BLK": 0.41519262712669586,
        "PF": 2.3812123922135413,
        "PTS": 13.92259610396904,
        "FTA": 2.2609671882666458,
        "FTM": 1.65759024623476,
        "FG_PCT": 0.4314585890603366,
        "FG3_PCT": 0.4522691076050457,
        "FT_PCT": 0.4848771190805965,
        "team": "PHI",
        "fanduel_pts": 14.5,
        "fanduel_reb": 4.5,
        "fanduel_ast": 3.5,
        "fanduel_threes": 2.5,
        "fanduel_blk": 0,
        "fanduel_stl": 0,
        "pick_pts": "UNDER",
        "pick_reb": "OVER",
        "pick_ast": "UNDER",
        "pick_3s": "OVER",
        "pick_blk": "OVER",
        "pick_stl": "OVER",
        "pts_res": "W",
        "ast_res": "L",
        "reb_res": "L",
        "stl_res": "W",
        "threes_res": "L",
        "blk_res": "L"
    },
    "Tyrese Maxey": {
        "MIN": 37.53601577696645,
        "FGM": 10.326852446649486,
        "FGA": 21.26931705833143,
        "FG3M": 2.9809814182065426,
        "FG3A": 7.358745465141337,
        "REB": 3.987933864020058,
        "AST": 7.184325644064971,
        "STL": 0.9775823961042875,
        "BLK": 0.5882785773805825,
        "PF": 1.7800708741397715,
        "PTS": 31.09263119211115,
        "FTA": 6.398371138647629,
        "FTM": 4.953980150595853,
        "FG_PCT": 0.43260713592884964,
        "FG3_PCT": 0.33430939579749497,
        "FT_PCT": 0.8003168856341198,
        "team": "PHI",
        "fanduel_pts": 26.5,
        "fanduel_reb": 3.5,
        "fanduel_ast": 6.5,
        "fanduel_threes": 3.5,
        "fanduel_blk": 0,
        "fanduel_stl": 0.5,
        "pick_pts": "OVER",
        "pick_reb": "OVER",
        "pick_ast": "OVER",
        "pick_3s": "UNDER",
        "pick_blk": "OVER",
        "pick_stl": "OVER",
        "pts_res": "L",
        "ast_res": "L",
        "reb_res": "L",
        "stl_res": "L",
        "threes_res": "L",
        "blk_res": "L"
    },
    "Franz Wagner": {
        "MIN": 33.612983050631534,
        "FGM": 7.476760188576237,
        "FGA": 16.618560388366717,
        "FG3M": 1.5655480711455665,
        "FG3A": 5.078924451946675,
        "REB": 4.108621912011137,
        "AST": 3.635277710739598,
        "STL": 0.8122113745050566,
        "BLK": 0.2676667849365656,
        "PF": 2.272399582361506,
        "PTS": 23.4963441,
        "FTA": 4.523950266704336,
        "FTM": 3.7783231913153728,
        "FG_PCT": 0.47981803611271245,
        "FG3_PCT": 0.3422916623991513,
        "FT_PCT": 0.7066404945481175,
        "team": "ORL",
        "fanduel_pts": 21.5,
        "fanduel_reb": 5.5,
        "fanduel_ast": 3.5,
        "fanduel_threes": 1.5,
        "fanduel_blk": 0,
        "fanduel_stl": 0.5,
        "pick_pts": "OVER",
        "pick_reb": "UNDER",
        "pick_ast": "OVER",
        "pick_3s": "OVER",
        "pick_blk": "OVER",
        "pick_stl": "OVER",
        "pts_res": "L",
        "ast_res": "W",
        "reb_res": "L",
        "stl_res": "L",
        "threes_res": "L",
        "blk_res": "L"
    },
    "Paolo Banchero": {
        "MIN": 33.38970619753326,
        "FGM": 5.32073986855052,
        "FGA": 15.279822493147009,
        "FG3M": 1.2420878727779188,
        "FG3A": 3.007652253381932,
        "REB": 6.366721062236593,
        "AST": 4.207733882228325,
        "STL": 1.246798556682025,
        "BLK": 0.4928316109728898,
        "PF": 2.145090238279636,
        "PTS": 19.20390017,
        "FTA": 6.803842482180029,
        "FTM": 4.689355589413799,
        "FG_PCT": 0.4710684007801289,
        "FG3_PCT": 0.2731777234986874,
        "FT_PCT": 0.6624004176998219,
        "team": "ORL",
        "fanduel_pts": 22.5,
        "fanduel_reb": 6.5,
        "fanduel_ast": 4.5,
        "fanduel_threes": 1.5,
        "fanduel_blk": 0.5,
        "fanduel_stl": 0.5,
        "pick_pts": "UNDER",
        "pick_reb": "UNDER",
        "pick_ast": "UNDER",
        "pick_3s": "UNDER",
        "pick_blk": "UNDER",
        "pick_stl": "OVER",
        "pts_res": "W",
        "ast_res": "W",
        "reb_res": "L",
        "stl_res": "W",
        "threes_res": "W",
        "blk_res": "W"
    },
    "Goga Bitadze": {
        "MIN": 17.833592960178752,
        "FGM": 2.7661817327955367,
        "FGA": 3.4918851146325016,
        "FG3M": 0.08829856688750229,
        "FG3A": 0.317626638492529,
        "REB": 4.8591727559119695,
        "AST": 1.9540894846092285,
        "STL": 0.6657082168638861,